NroReg,FECHA,CENTRO,Estrato,OFERTA_ID,FACTURA,GRUPO_CATEG,PLU_SAP,CANTIDAD,VENTA,DESCUENTO,GRUCOM,VENTA_NETA,OFERTA_ID_NUM,PROMO_FLAG,PRECIO_UNITARIO_NETO
45,2026-01-01,1,4,0,2,1,3,2.061,36900,0.0,1,36900.0,0,0,17903.930131004367
61,2026-01-01,1,4,0,4,1,5,7.095,47900,0.0,1,47900.0,0,0,6751.23326286117
63,2026-01-01,1,4,0,6,1,7,0.984,30450,0.0,1,30450.0,0,0,30945.121951219513
83,2026-01-01,1,4,0,8,1,9,0.771,17750,0.0,1,17750.0,0,0,23022.049286640726
88,2026-01-01,1,4,0,10,1,11,0.402,12150,0.0,1,12150.0,0,0,30223.880597014922
124,2026-01-01,1,4,0,12,1,13,0.321,1200,0.0,1,1200.0,0,0,3738.3177570093458
145,2026-01-01,1,4,0,14,1,15,0.792,17980,0.0,1,17980.0,0,0,22702.0202020202
147,2026-01-01,1,4,0,16,1,17,0.633,11850,0.0,1,11850.0,0,0,18720.37914691943
155,2026-01-01,1,4,0,18,1,19,5.402,31400,0.0,1,31400.0,0,0,5812.661977045538
193,2026-01-01,1,4,0,20,1,21,0.58,31800,0.0,1,31800.0,0,0,54827.58620689656
224,2026-01-01,1,4,0,22,1,23,0.519,15650,0.0,1,15650.0,0,0,30154.142581888245
285,2026-01-01,1,4,0,24,1,25,0.244,6500,0.0,1,6500.0,0,0,26639.344262295082
316,2026-01-01,1,4,241825,26,1,27,0.406,26991,2999.0,1,23992.0,241825,1,59093.5960591133
319,2026-01-01,1,4,0,28,1,29,1.156,8600,0.0,1,8600.0,0,0,7439.446366782007
323,2026-01-01,1,4,0,30,1,31,0.506,21960,0.0,1,21960.0,0,0,43399.20948616601
324,2026-01-01,1,4,0,32,1,33,0.265,13700,0.0,1,13700.0,0,0,51698.11320754717
336,2026-01-01,1,4,0,34,1,35,0.512,28990,0.0,1,28990.0,0,0,56621.09375
338,2026-01-01,1,4,0,36,1,37,1.614,9750,0.0,1,9750.0,0,0,6040.892193308549
366,2026-01-01,1,4,0,38,1,39,0.212,8300,0.0,1,8300.0,0,0,39150.943396226416
379,2026-01-01,1,4,259690,40,1,41,0.486,54040,13510.0,1,40530.0,259690,1,83395.06172839507
393,2026-01-01,1,4,0,42,1,43,0.088,1800,0.0,1,1800.0,0,0,20454.545454545456
397,2026-01-01,1,4,0,44,1,45,0.361,18990,0.0,1,18990.0,0,0,52603.87811634349
401,2026-01-01,1,4,0,46,1,47,1.625,38990,0.0,1,38990.0,0,0,23993.846153846152
411,2026-01-01,1,4,0,48,1,49,0.54,9990,0.0,1,9990.0,0,0,18500.0
420,2026-01-01,1,4,0,50,1,51,1.677,29990,0.0,1,29990.0,0,0,17883.124627310674
428,2026-01-01,1,4,0,52,1,53,0.924,50150,0.0,1,50150.0,0,0,54274.891774891774
437,2026-01-01,1,4,0,8,1,54,0.493,24100,0.0,1,24100.0,0,0,48884.381338742394
443,2026-01-01,1,4,0,55,1,56,0.397,4350,0.0,1,4350.0,0,0,10957.178841309824
453,2026-01-01,1,4,0,57,1,58,0.181,14450,0.0,1,14450.0,0,0,79834.25414364641
462,2026-01-01,1,4,0,59,1,60,0.273,25990,0.0,1,25990.0,0,0,95201.4652014652
491,2026-01-01,1,4,0,61,1,62,0.421,25500,0.0,1,25500.0,0,0,60570.07125890737
538,2026-01-01,1,4,0,63,1,64,0.156,12890,0.0,1,12890.0,0,0,82628.20512820513
551,2026-01-01,1,4,0,65,1,66,0.517,5890,0.0,1,5890.0,0,0,11392.6499032882
629,2026-01-01,1,4,0,67,1,68,0.718,7450,0.0,1,7450.0,0,0,10376.044568245126
649,2026-01-01,1,4,0,69,1,70,1.21,22050,0.0,1,22050.0,0,0,18223.14049586777
674,2026-01-01,1,4,0,67,1,71,0.144,4000,0.0,1,4000.0,0,0,27777.77777777778
717,2026-01-01,1,4,251106,72,1,73,0.207,23850,2650.0,1,21200.0,251106,1,102415.45893719807
723,2026-01-01,1,4,0,74,1,33,0.265,13700,0.0,1,13700.0,0,0,51698.11320754717
737,2026-01-01,1,4,0,75,1,76,0.473,19200,0.0,1,19200.0,0,0,40591.96617336152
741,2026-01-01,1,4,0,77,1,78,0.485,5200,0.0,1,5200.0,0,0,10721.649484536083
758,2026-01-01,1,4,0,79,1,80,0.328,4380,0.0,1,4380.0,0,0,13353.658536585366
765,2026-01-01,1,4,0,6,1,81,0.977,10170,0.0,1,10170.0,0,0,10409.416581371546
807,2026-01-01,1,4,0,82,1,83,0.304,5600,0.0,1,5600.0,0,0,18421.052631578947
845,2026-01-01,1,4,0,84,1,85,0.454,4990,0.0,1,4990.0,0,0,10991.189427312775
865,2026-01-01,1,4,0,86,1,87,0.28,15670,0.0,1,15670.0,0,0,55964.28571428571
876,2026-01-01,1,4,0,88,1,89,0.283,9990,0.0,1,9990.0,0,0,35300.35335689046
878,2026-01-01,1,4,0,14,1,90,0.468,10990,0.0,1,10990.0,0,0,23482.90598290598
895,2026-01-01,1,4,0,91,1,92,0.248,11800,0.0,1,11800.0,0,0,47580.645161290326
903,2026-01-01,1,4,0,93,1,87,0.28,15670,0.0,1,15670.0,0,0,55964.28571428571
919,2026-01-01,1,4,0,94,1,95,2.839,21500,0.0,1,21500.0,0,0,7573.089115885876
931,2026-01-01,1,4,0,96,1,97,1.231,23200,0.0,1,23200.0,0,0,18846.46628757108
946,2026-01-01,1,4,0,32,1,98,0.79,4490,0.0,1,4490.0,0,0,5683.544303797468
948,2026-01-01,1,4,0,99,1,100,0.485,13220,0.0,1,13220.0,0,0,27257.731958762888
971,2026-01-01,1,4,0,101,1,102,0.149,6200,0.0,1,6200.0,0,0,41610.73825503356
992,2026-01-01,1,4,0,69,1,85,0.454,4990,0.0,1,4990.0,0,0,10991.189427312775
1021,2026-01-01,1,4,0,103,1,104,1.628,25990,0.0,1,25990.0,0,0,15964.373464373466
1024,2026-01-01,1,4,241825,105,1,98,0.79,4041,449.0,1,3592.0,241825,1,4546.835443037974
1038,2026-01-01,1,4,0,106,1,107,0.723,14900,0.0,1,14900.0,0,0,20608.575380359613
1039,2026-01-01,1,4,0,96,1,108,0.588,22040,0.0,1,22040.0,0,0,37482.99319727891
1047,2026-01-01,1,4,0,38,1,109,0.512,11990,0.0,1,11990.0,0,0,23417.96875
1076,2026-01-01,1,4,0,110,1,111,1.134,21600,0.0,1,21600.0,0,0,19047.61904761905
1107,2026-01-01,1,4,0,112,1,83,0.304,5600,0.0,1,5600.0,0,0,18421.052631578947
1108,2026-01-01,1,4,0,113,1,81,0.977,10170,0.0,1,10170.0,0,0,10409.416581371546
1109,2026-01-01,1,4,0,114,1,13,0.321,1200,0.0,1,1200.0,0,0,3738.3177570093458
1164,2026-01-01,1,4,0,115,1,116,0.32,10990,0.0,1,10990.0,0,0,34343.75
1167,2026-01-01,1,4,0,117,1,118,2.428,10100,0.0,1,10100.0,0,0,4159.802306425041
1196,2026-01-01,1,4,0,119,1,120,0.512,11990,0.0,1,11990.0,0,0,23417.96875
1205,2026-01-01,1,4,0,121,1,122,0.767,7930,0.0,1,7930.0,0,0,10338.983050847457
1239,2026-01-01,1,4,0,123,1,124,0.788,8250,0.0,1,8250.0,0,0,10469.543147208122
1240,2026-01-01,1,4,251106,125,1,126,1.166,7551,839.0,1,6712.0,251106,1,5756.432246998285
1266,2026-01-01,1,4,0,127,1,128,0.289,16900,0.0,1,16900.0,0,0,58477.508650519034
1276,2026-01-01,1,4,0,129,1,130,0.778,27990,0.0,1,27990.0,0,0,35976.863753213365
1305,2026-01-01,1,4,0,131,1,132,0.909,22600,0.0,1,22600.0,0,0,24862.48624862486
1316,2026-01-01,1,4,0,46,1,133,0.676,14900,0.0,1,14900.0,0,0,22041.420118343194
1334,2026-01-01,1,4,0,134,1,135,0.854,29700,0.0,1,29700.0,0,0,34777.51756440281
1339,2026-01-01,1,4,0,136,1,137,0.227,56400,0.0,1,56400.0,0,0,248458.1497797357
1363,2026-01-01,1,4,0,138,1,139,1.976,9800,0.0,1,9800.0,0,0,4959.514170040486
1398,2026-01-01,1,4,0,140,1,139,0.988,4900,0.0,1,4900.0,0,0,4959.514170040486
1431,2026-01-01,1,4,0,65,1,141,0.314,13950,0.0,1,13950.0,0,0,44426.75159235669
1433,2026-01-01,1,4,0,142,1,143,0.795,27990,0.0,1,27990.0,0,0,35207.54716981132
1443,2026-01-01,1,4,0,144,1,5,7.095,47900,0.0,1,47900.0,0,0,6751.23326286117
1490,2026-01-01,1,4,0,145,1,146,0.183,4490,0.0,1,4490.0,0,0,24535.519125683062
1501,2026-01-01,1,4,0,147,1,148,0.258,4380,0.0,1,4380.0,0,0,16976.74418604651
1523,2026-01-01,1,4,0,46,1,149,1.746,7780,0.0,1,7780.0,0,0,4455.89919816724
1553,2026-01-01,1,4,0,150,1,151,0.514,34550,0.0,1,34550.0,0,0,67217.89883268482
1556,2026-01-01,1,4,0,8,1,51,1.677,29990,0.0,1,29990.0,0,0,17883.124627310674
1558,2026-01-01,1,4,0,152,1,153,1.146,28490,0.0,1,28490.0,0,0,24860.38394415358
1622,2026-01-01,1,4,0,154,1,155,1.799,7990,0.0,1,7990.0,0,0,4441.356309060589
1632,2026-01-01,1,4,0,156,1,78,0.485,5200,0.0,1,5200.0,0,0,10721.649484536083
1666,2026-01-01,1,4,0,77,1,157,0.485,5200,0.0,1,5200.0,0,0,10721.649484536083
1697,2026-01-01,1,4,0,158,1,27,0.406,29990,0.0,1,29990.0,0,0,73866.99507389162
1721,2026-01-01,1,4,0,159,1,160,1.307,16390,0.0,1,16390.0,0,0,12540.16832440704
1722,2026-01-01,1,4,0,161,1,162,0.432,25500,0.0,1,25500.0,0,0,59027.77777777778
1731,2026-01-01,1,4,0,2,1,163,0.227,13650,0.0,1,13650.0,0,0,60132.15859030837
1763,2026-01-01,1,4,0,164,1,49,0.54,9990,0.0,1,9990.0,0,0,18500.0
1766,2026-01-01,1,4,0,136,1,165,0.167,16120,0.0,1,16120.0,0,0,96526.94610778443
1770,2026-01-01,1,4,0,134,1,166,0.863,29700,0.0,1,29700.0,0,0,34414.831981460025
1777,2026-01-01,1,4,0,167,1,168,0.277,21490,0.0,1,21490.0,0,0,77581.2274368231
1785,2026-01-01,1,4,0,113,1,169,0.162,3450,0.0,1,3450.0,0,0,21296.296296296296
1812,2026-01-01,1,4,0,96,1,170,0.894,24520,0.0,1,24520.0,0,0,27427.293064876958
1838,2026-01-01,1,4,0,63,1,171,0.125,10600,0.0,1,10600.0,0,0,84800.0
1851,2026-01-01,1,4,0,79,1,172,0.496,12050,0.0,1,12050.0,0,0,24294.354838709678
1873,2026-01-01,1,4,0,161,1,173,1.058,15500,0.0,1,15500.0,0,0,14650.283553875235
1875,2026-01-01,1,4,0,30,1,174,0.42,12300,0.0,1,12300.0,0,0,29285.714285714286
1892,2026-01-01,1,4,0,4,1,175,0.45,37600,0.0,1,37600.0,0,0,83555.55555555555
1962,2026-01-01,1,4,0,176,1,139,0.988,4900,0.0,1,4900.0,0,0,4959.514170040486
1963,2026-01-01,1,4,0,8,1,177,0.418,5890,0.0,1,5890.0,0,0,14090.909090909092
1964,2026-01-01,1,4,0,178,1,179,0.365,22990,0.0,1,22990.0,0,0,62986.30136986302
1968,2026-01-01,1,4,0,180,1,181,0.455,25250,0.0,1,25250.0,0,0,55494.505494505494
1985,2026-01-01,1,4,0,182,1,174,0.42,12300,0.0,1,12300.0,0,0,29285.714285714286
2013,2026-01-01,1,4,0,16,1,183,0.275,13710,0.0,1,13710.0,0,0,49854.54545454545
2029,2026-01-01,1,4,0,2,1,184,0.513,10950,0.0,1,10950.0,0,0,21345.02923976608
2040,2026-01-01,1,4,0,185,1,186,0.148,4300,0.0,1,4300.0,0,0,29054.054054054057
2057,2026-01-01,1,4,0,187,1,188,2.956,19250,0.0,1,19250.0,0,0,6512.178619756428
2067,2026-01-01,1,4,260055,105,1,189,0.991,14990,5190.0,1,9800.0,260055,1,9889.001009081736
2075,2026-01-01,1,4,0,129,1,190,0.389,29900,0.0,1,29900.0,0,0,76863.7532133676
2082,2026-01-01,1,4,0,38,1,191,0.441,31450,0.0,1,31450.0,0,0,71315.19274376417
2087,2026-01-01,1,4,251106,72,1,192,0.624,22005,2445.0,1,19560.0,251106,1,31346.153846153848
2114,2026-01-01,1,4,0,193,1,194,1.943,12600,0.0,1,12600.0,0,0,6484.8172928461145
2115,2026-01-01,1,4,0,96,1,177,0.418,5890,0.0,1,5890.0,0,0,14090.909090909092
2143,2026-01-01,1,4,0,195,1,186,0.148,4300,0.0,1,4300.0,0,0,29054.054054054057
2183,2026-01-01,1,4,0,158,1,196,0.318,21990,0.0,1,21990.0,0,0,69150.94339622642
2230,2026-01-01,1,4,0,197,1,198,0.152,4450,0.0,1,4450.0,0,0,29276.315789473683
2240,2026-01-01,1,4,0,79,1,139,0.988,4900,0.0,1,4900.0,0,0,4959.514170040486
2255,2026-01-01,1,4,0,77,1,199,0.818,7300,0.0,1,7300.0,0,0,8924.205378973105
2271,2026-01-01,1,4,0,20,1,200,0.61,51240,0.0,1,51240.0,0,0,84000.0
2274,2026-01-01,1,4,0,193,1,201,2.256,8500,0.0,1,8500.0,0,0,3767.730496453901
2292,2026-01-01,1,4,0,105,1,139,0.988,4900,0.0,1,4900.0,0,0,4959.514170040486
2299,2026-01-01,1,4,0,61,1,202,0.507,10500,0.0,1,10500.0,0,0,20710.059171597633
2311,2026-01-01,1,4,0,203,1,90,0.468,10990,0.0,1,10990.0,0,0,23482.90598290598
2314,2026-01-01,1,4,0,204,1,205,0.298,8600,0.0,1,8600.0,0,0,28859.060402684565
2327,2026-01-01,1,4,0,206,1,139,0.988,4900,0.0,1,4900.0,0,0,4959.514170040486
2359,2026-01-01,1,4,0,96,1,207,0.154,21990,0.0,1,21990.0,0,0,142792.2077922078
2389,2026-01-01,1,4,259690,208,1,209,0.203,25160,6290.0,1,18870.0,259690,1,92955.66502463054
2429,2026-01-01,1,4,0,185,1,210,0.208,4150,0.0,1,4150.0,0,0,19951.923076923078
2440,2026-01-01,1,4,0,110,1,211,1.21,22000,0.0,1,22000.0,0,0,18181.818181818184
2467,2026-01-01,1,4,0,212,1,64,0.156,12890,0.0,1,12890.0,0,0,82628.20512820513
2471,2026-01-01,1,4,0,193,1,213,0.48,16700,0.0,1,16700.0,0,0,34791.66666666667
2487,2026-01-01,1,4,0,214,1,102,0.149,6200,0.0,1,6200.0,0,0,41610.73825503356
2494,2026-01-01,1,4,0,178,1,215,1.275,11750,0.0,1,11750.0,0,0,9215.686274509804
2526,2026-01-01,1,4,0,216,1,217,0.664,11990,0.0,1,11990.0,0,0,18057.22891566265
2537,2026-01-01,1,4,0,218,1,219,2.952,9570,0.0,1,9570.0,0,0,3241.869918699187
2548,2026-01-01,1,4,0,220,1,139,0.988,4900,0.0,1,4900.0,0,0,4959.514170040486
2565,2026-01-01,1,4,0,34,1,221,0.857,18360,0.0,1,18360.0,0,0,21423.570595099183
2578,2026-01-01,1,4,0,222,1,139,0.988,4900,0.0,1,4900.0,0,0,4959.514170040486
2615,2026-01-01,1,4,0,223,1,224,1.279,26250,0.0,1,26250.0,0,0,20523.846755277562
2653,2026-01-01,1,4,0,225,1,13,0.321,1200,0.0,1,1200.0,0,0,3738.3177570093458
2745,2026-01-01,1,4,0,226,1,227,0.218,9300,0.0,1,9300.0,0,0,42660.550458715596
2769,2026-01-01,1,4,0,228,1,90,0.468,10990,0.0,1,10990.0,0,0,23482.90598290598
2770,2026-01-01,1,4,0,144,1,139,0.988,4900,0.0,1,4900.0,0,0,4959.514170040486
2798,2026-01-01,1,4,0,67,1,51,1.677,29990,0.0,1,29990.0,0,0,17883.124627310674
2799,2026-01-01,1,4,0,65,1,229,0.426,11500,0.0,1,11500.0,0,0,26995.30516431925
2828,2026-01-01,1,4,0,77,1,230,0.266,13400,0.0,1,13400.0,0,0,50375.93984962406
2850,2026-01-01,1,4,0,61,1,231,0.195,10600,0.0,1,10600.0,0,0,54358.97435897436
2863,2026-01-01,1,4,0,96,1,232,0.902,24520,0.0,1,24520.0,0,0,27184.035476718404
2865,2026-01-01,1,4,0,233,1,148,0.129,2190,0.0,1,2190.0,0,0,16976.74418604651
2896,2026-01-01,1,4,0,96,1,234,0.271,46190,0.0,1,46190.0,0,0,170442.80442804427
2926,2026-01-01,1,4,0,24,1,49,0.54,9990,0.0,1,9990.0,0,0,18500.0
2931,2026-01-01,1,4,251106,235,1,124,0.788,7425,825.0,1,6600.0,251106,1,8375.634517766497
2951,2026-01-01,1,4,0,96,1,236,0.504,8190,0.0,1,8190.0,0,0,16250.0
2962,2026-01-01,1,4,0,193,1,236,0.504,8190,0.0,1,8190.0,0,0,16250.0
2975,2026-01-01,1,4,0,38,1,237,0.456,31450,0.0,1,31450.0,0,0,68969.29824561403
2983,2026-01-01,1,4,0,238,1,219,0.984,3190,0.0,1,3190.0,0,0,3241.869918699187
2988,2026-01-01,1,4,0,239,1,240,0.56,9650,0.0,1,9650.0,0,0,17232.142857142855
3025,2026-01-01,1,4,0,203,1,241,0.478,11600,0.0,1,11600.0,0,0,24267.782426778245
3051,2026-01-01,1,4,0,61,1,242,0.843,21950,0.0,1,21950.0,0,0,26037.95966785291
3053,2026-01-01,1,4,0,243,1,85,0.454,4990,0.0,1,4990.0,0,0,10991.189427312775
3067,2026-01-01,1,4,0,6,1,244,0.535,8880,0.0,1,8880.0,0,0,16598.130841121496
3090,2026-01-01,1,4,0,245,1,246,0.959,19950,0.0,1,19950.0,0,0,20802.9197080292
3094,2026-01-01,1,4,0,247,1,248,8.32,25990,0.0,1,25990.0,0,0,3123.7980769230767
3131,2026-01-01,1,4,0,249,1,250,0.713,27490,0.0,1,27490.0,0,0,38555.39971949509
3157,2026-01-01,1,4,0,251,1,252,0.568,16990,0.0,1,16990.0,0,0,29911.97183098592
3193,2026-01-01,1,4,0,96,1,253,0.684,15300,0.0,1,15300.0,0,0,22368.421052631576
3198,2026-01-01,1,4,0,158,1,254,0.361,27700,0.0,1,27700.0,0,0,76731.30193905818
3213,2026-01-01,1,4,0,182,1,126,1.166,8390,0.0,1,8390.0,0,0,7195.540308747856
3232,2026-01-01,1,4,241825,105,1,181,0.455,22725,2525.0,1,20200.0,241825,1,44395.604395604394
3234,2026-01-01,1,4,0,158,1,255,0.608,19480,0.0,1,19480.0,0,0,32039.473684210527
3323,2026-01-01,1,4,0,256,1,118,2.428,10100,0.0,1,10100.0,0,0,4159.802306425041
3361,2026-01-01,1,4,0,212,1,183,0.275,13710,0.0,1,13710.0,0,0,49854.54545454545
3362,2026-01-01,1,4,0,257,1,258,1.15,17800,0.0,1,17800.0,0,0,15478.260869565218
3368,2026-01-01,1,4,0,259,1,260,0.528,11850,0.0,1,11850.0,0,0,22443.181818181816
3386,2026-01-01,1,4,0,261,1,262,0.231,23570,0.0,1,23570.0,0,0,102034.63203463203
3442,2026-01-01,1,4,0,263,1,264,0.938,23980,0.0,1,23980.0,0,0,25565.031982942433
3448,2026-01-01,1,4,0,265,1,266,0.277,29400,0.0,1,29400.0,0,0,106137.18411552346
3464,2026-01-01,1,4,0,67,1,267,0.451,2900,0.0,1,2900.0,0,0,6430.155210643015
3498,2026-01-01,1,4,0,268,1,39,0.212,8300,0.0,1,8300.0,0,0,39150.943396226416
3524,2026-01-01,1,4,0,269,1,49,0.54,9990,0.0,1,9990.0,0,0,18500.0
3550,2026-01-01,1,4,0,159,1,270,3.919,49990,0.0,1,49990.0,0,0,12755.805052309262
3564,2026-01-01,1,4,0,67,1,271,0.485,5200,0.0,1,5200.0,0,0,10721.649484536083
3601,2026-01-01,1,4,0,117,1,272,0.518,2490,0.0,1,2490.0,0,0,4806.949806949807
3604,2026-01-01,1,4,0,273,1,13,0.321,1200,0.0,1,1200.0,0,0,3738.3177570093458
3609,2026-01-01,1,4,0,274,1,241,0.478,11600,0.0,1,11600.0,0,0,24267.782426778245
3617,2026-01-01,1,4,0,6,1,275,0.321,13950,0.0,1,13950.0,0,0,43457.943925233645
3619,2026-01-01,1,4,0,69,1,276,1.067,22990,0.0,1,22990.0,0,0,21546.39175257732
3687,2026-01-01,1,4,0,176,1,277,0.72,33450,0.0,1,33450.0,0,0,46458.333333333336
3691,2026-01-01,1,4,0,74,1,62,0.421,25500,0.0,1,25500.0,0,0,60570.07125890737
3693,2026-01-01,1,4,0,278,1,118,2.428,10100,0.0,1,10100.0,0,0,4159.802306425041
3702,2026-01-01,1,4,0,279,1,280,0.158,3500,0.0,1,3500.0,0,0,22151.898734177215
3712,2026-01-01,1,4,0,110,1,281,0.64,25450,0.0,1,25450.0,0,0,39765.625
3725,2026-01-01,1,4,251106,235,1,282,0.976,12231,1359.0,1,10872.0,251106,1,11139.344262295082
3728,2026-01-01,1,4,0,283,1,284,0.746,4490,0.0,1,4490.0,0,0,6018.7667560321715
3739,2026-01-01,1,4,0,82,1,139,0.988,4900,0.0,1,4900.0,0,0,4959.514170040486
3742,2026-01-01,1,4,0,72,1,49,0.54,9990,0.0,1,9990.0,0,0,18500.0
3802,2026-01-01,1,4,0,164,1,285,0.488,19200,0.0,1,19200.0,0,0,39344.26229508197
3821,2026-01-01,1,4,0,286,1,287,0.328,13990,0.0,1,13990.0,0,0,42652.439024390245
3828,2026-01-01,1,4,251106,235,1,288,0.997,20565,2285.0,1,18280.0,251106,1,18335.005015045135
3863,2026-01-01,1,4,0,289,1,49,0.54,9990,0.0,1,9990.0,0,0,18500.0
3877,2026-01-01,1,4,251106,72,1,290,0.646,22770,2530.0,1,20240.0,251106,1,31331.2693498452
3884,2026-01-01,1,4,0,203,1,133,0.676,14900,0.0,1,14900.0,0,0,22041.420118343194
3922,2026-01-01,1,4,0,77,1,23,0.519,15650,0.0,1,15650.0,0,0,30154.142581888245
3931,2026-01-01,1,4,251106,291,1,292,0.128,22635,2515.0,1,20120.0,251106,1,157187.5
3932,2026-01-01,1,4,0,74,1,293,0.304,14990,0.0,1,14990.0,0,0,49309.210526315794
3935,2026-01-01,1,4,0,110,1,294,0.732,15600,0.0,1,15600.0,0,0,21311.475409836065
3959,2026-01-01,1,4,251106,72,1,295,0.775,22500,2500.0,1,20000.0,251106,1,25806.451612903224
3982,2026-01-01,1,4,0,119,1,296,1.073,26650,0.0,1,26650.0,0,0,24836.90587138863
4013,2026-01-01,1,4,0,297,1,90,0.468,10990,0.0,1,10990.0,0,0,23482.90598290598
4049,2026-01-01,1,4,0,38,1,298,1.414,33980,0.0,1,33980.0,0,0,24031.117397454032
4120,2026-01-01,1,4,0,46,1,299,0.736,27990,0.0,1,27990.0,0,0,38029.891304347824
4128,2026-01-01,1,4,0,67,1,272,0.518,2490,0.0,1,2490.0,0,0,4806.949806949807
4145,2026-01-01,1,4,251106,235,1,300,1.063,23985,2665.0,1,21320.0,251106,1,20056.444026340545
4155,2026-01-01,1,4,241825,105,1,133,0.676,13410,1490.0,1,11920.0,241825,1,17633.136094674555
4161,2026-01-01,1,4,0,127,1,139,0.988,4900,0.0,1,4900.0,0,0,4959.514170040486
4217,2026-01-01,1,4,0,96,1,157,0.485,5200,0.0,1,5200.0,0,0,10721.649484536083
4220,2026-01-01,1,4,0,301,1,302,0.176,39950,0.0,1,39950.0,0,0,226988.63636363638
4241,2026-01-01,1,4,0,212,1,303,0.459,8690,0.0,1,8690.0,0,0,18932.46187363834
4257,2026-01-01,1,4,0,65,1,304,0.828,32990,0.0,1,32990.0,0,0,39842.995169082125
4259,2026-01-01,1,4,0,305,1,306,0.564,17250,0.0,1,17250.0,0,0,30585.106382978727
4305,2026-01-01,1,4,0,193,1,177,0.418,5890,0.0,1,5890.0,0,0,14090.909090909092
4320,2026-01-01,1,4,0,96,1,307,0.705,22580,0.0,1,22580.0,0,0,32028.36879432624
4326,2026-01-01,1,4,0,10,1,168,0.277,21490,0.0,1,21490.0,0,0,77581.2274368231
4329,2026-01-01,1,4,0,2,1,308,1.594,77790,0.0,1,77790.0,0,0,48801.756587202006
4350,2026-01-01,1,4,241825,105,1,230,0.266,12060,1340.0,1,10720.0,241825,1,40300.751879699244
4355,2026-01-01,1,4,0,113,1,89,0.283,9990,0.0,1,9990.0,0,0,35300.35335689046
4366,2026-01-01,1,4,0,67,1,83,0.304,5600,0.0,1,5600.0,0,0,18421.052631578947
4384,2026-01-01,1,4,0,86,1,309,0.293,16900,0.0,1,16900.0,0,0,57679.180887372015
4392,2026-01-01,1,4,251106,72,1,310,0.692,22770,2530.0,1,20240.0,251106,1,29248.5549132948
4408,2026-01-01,1,4,0,2,1,108,0.588,22040,0.0,1,22040.0,0,0,37482.99319727891
4423,2026-01-01,1,4,0,311,1,90,0.468,10990,0.0,1,10990.0,0,0,23482.90598290598
4433,2026-01-01,1,4,0,312,1,299,0.736,27990,0.0,1,27990.0,0,0,38029.891304347824
4470,2026-01-01,1,4,0,222,1,13,0.321,1200,0.0,1,1200.0,0,0,3738.3177570093458
4502,2026-01-01,1,4,0,63,1,313,0.592,36190,0.0,1,36190.0,0,0,61131.75675675676
4516,2026-01-01,1,4,0,20,1,314,0.611,13890,0.0,1,13890.0,0,0,22733.224222585926
4523,2026-01-01,1,4,0,212,1,315,0.432,19200,0.0,1,19200.0,0,0,44444.444444444445
4524,2026-01-01,1,4,0,93,1,7,0.984,30450,0.0,1,30450.0,0,0,30945.121951219513
4532,2026-01-01,1,4,0,316,1,317,4.53,17990,0.0,1,17990.0,0,0,3971.3024282560705
4538,2026-01-01,1,4,0,212,1,318,0.185,13900,0.0,1,13900.0,0,0,75135.13513513513
4541,2026-01-01,1,4,0,251,1,102,0.298,12400,0.0,1,12400.0,0,0,41610.73825503356
4543,2026-01-01,1,4,0,178,1,319,0.344,32400,0.0,1,32400.0,0,0,94186.04651162791
4552,2026-01-01,1,4,0,16,1,124,0.788,8250,0.0,1,8250.0,0,0,10469.543147208122
4618,2026-01-01,1,4,0,289,1,320,0.195,11990,0.0,1,11990.0,0,0,61487.179487179485
4634,2026-01-01,1,4,0,261,1,321,0.74,20900,0.0,1,20900.0,0,0,28243.243243243243
4654,2026-01-01,1,4,0,167,1,322,0.296,17990,0.0,1,17990.0,0,0,60777.02702702703
4661,2026-01-01,1,4,260055,286,1,189,0.991,14990,5190.0,1,9800.0,260055,1,9889.001009081736
4675,2026-01-01,1,4,0,91,1,323,1.161,38500,0.0,1,38500.0,0,0,33161.068044788975
4726,2026-01-01,1,4,0,222,1,324,0.232,10990,0.0,1,10990.0,0,0,47370.68965517241
4736,2026-01-01,1,4,0,325,1,326,0.595,3800,0.0,1,3800.0,0,0,6386.55462184874
4752,2026-01-01,1,4,0,93,1,241,0.478,11600,0.0,1,11600.0,0,0,24267.782426778245
4760,2026-01-01,1,4,0,67,1,186,0.148,4300,0.0,1,4300.0,0,0,29054.054054054057
4770,2026-01-01,1,4,0,239,1,184,0.513,10950,0.0,1,10950.0,0,0,21345.02923976608
4793,2026-01-01,1,4,0,28,1,80,0.164,2190,0.0,1,2190.0,0,0,13353.658536585366
4819,2026-01-01,1,4,0,327,1,43,0.088,1800,0.0,1,1800.0,0,0,20454.545454545456
4821,2026-01-01,1,4,0,328,1,329,2.119,16590,0.0,1,16590.0,0,0,7829.164700330343
4831,2026-01-01,1,4,0,330,1,244,0.535,8880,0.0,1,8880.0,0,0,16598.130841121496
4836,2026-01-01,1,4,0,24,1,331,0.457,39900,0.0,1,39900.0,0,0,87308.53391684902
4847,2026-01-01,1,4,0,332,1,326,0.595,3800,0.0,1,3800.0,0,0,6386.55462184874
4857,2026-01-01,1,4,0,333,1,148,0.129,2190,0.0,1,2190.0,0,0,16976.74418604651
4886,2026-01-01,1,4,0,334,1,335,2.979,32090,0.0,1,32090.0,0,0,10772.071164820409
4908,2026-01-01,1,4,0,334,1,275,0.321,13950,0.0,1,13950.0,0,0,43457.943925233645
4920,2026-01-01,1,4,0,10,1,254,0.361,27700,0.0,1,27700.0,0,0,76731.30193905818
4928,2026-01-01,1,4,0,84,1,336,0.398,8990,0.0,1,8990.0,0,0,22587.93969849246
4977,2026-01-01,1,4,0,337,1,315,0.432,19200,0.0,1,19200.0,0,0,44444.444444444445
4989,2026-01-01,1,4,0,91,1,338,0.22,9000,0.0,1,9000.0,0,0,40909.09090909091
4998,2026-01-01,1,4,0,339,1,340,4.828,26700,0.0,1,26700.0,0,0,5530.240265120132
5063,2026-01-01,1,4,0,341,1,149,0.873,3890,0.0,1,3890.0,0,0,4455.89919816724
5069,2026-01-01,1,4,0,342,1,139,0.988,4900,0.0,1,4900.0,0,0,4959.514170040486
5078,2026-01-01,1,4,241825,343,1,344,4.323,15471,1719.0,1,13752.0,241825,1,3181.1242192921577
5105,2026-01-01,1,4,0,345,1,346,0.73,6500,0.0,1,6500.0,0,0,8904.109589041096
5155,2026-01-01,1,4,0,334,1,244,0.535,8880,0.0,1,8880.0,0,0,16598.130841121496
5156,2026-01-01,1,4,0,347,1,163,0.227,13650,0.0,1,13650.0,0,0,60132.15859030837
5164,2026-01-01,1,4,0,311,1,49,0.54,9990,0.0,1,9990.0,0,0,18500.0
5178,2026-01-01,1,4,0,14,1,348,0.432,21600,0.0,1,21600.0,0,0,50000.0
5179,2026-01-01,1,4,241825,105,1,349,2.361,7821,869.0,1,6952.0,241825,1,2944.5150360016937
5193,2026-01-01,1,4,0,350,1,336,0.398,8990,0.0,1,8990.0,0,0,22587.93969849246
5195,2026-01-01,1,4,0,61,1,351,0.707,16990,0.0,1,16990.0,0,0,24031.117397454032
5214,2026-01-01,1,4,0,352,1,353,0.192,12760,0.0,1,12760.0,0,0,66458.33333333333
5240,2026-01-01,1,4,0,343,1,139,0.988,4900,0.0,1,4900.0,0,0,4959.514170040486
5243,2026-01-01,1,4,0,144,1,95,2.839,21500,0.0,1,21500.0,0,0,7573.089115885876
5261,2026-01-01,1,4,0,354,1,355,0.692,15990,0.0,1,15990.0,0,0,23106.936416184973
5262,2026-01-01,1,4,0,65,1,227,0.218,9300,0.0,1,9300.0,0,0,42660.550458715596
5266,2026-01-01,1,4,0,356,1,139,0.988,4900,0.0,1,4900.0,0,0,4959.514170040486
5271,2026-01-01,1,4,0,119,1,357,0.93,21800,0.0,1,21800.0,0,0,23440.860215053763
5273,2026-01-01,1,4,0,358,1,359,0.317,10890,0.0,1,10890.0,0,0,34353.31230283911
5288,2026-01-01,1,4,0,91,1,210,0.208,4150,0.0,1,4150.0,0,0,19951.923076923078
5289,2026-01-01,1,4,0,32,1,360,0.804,24700,0.0,1,24700.0,0,0,30721.39303482587
5291,2026-01-01,1,4,0,361,1,362,1.15,38950,0.0,1,38950.0,0,0,33869.565217391304
5295,2026-01-01,1,4,0,363,1,364,0.175,27950,0.0,1,27950.0,0,0,159714.2857142857
5330,2026-01-01,1,4,0,8,1,365,0.369,14950,0.0,1,14950.0,0,0,40514.90514905149
5341,2026-01-01,1,4,0,257,1,366,0.517,5890,0.0,1,5890.0,0,0,11392.6499032882
5375,2026-01-01,1,4,0,235,1,90,1.404,32970,0.0,1,32970.0,0,0,23482.905982905984
5410,2026-01-01,1,4,259690,367,1,368,0.298,44600,11150.0,1,33450.0,259690,1,112248.32214765101
5435,2026-01-01,1,4,0,369,1,370,1.242,12700,0.0,1,12700.0,0,0,10225.442834138486
5437,2026-01-01,1,4,0,371,1,372,0.18,15990,0.0,1,15990.0,0,0,88833.33333333334
5446,2026-01-01,1,4,0,50,1,17,0.633,11850,0.0,1,11850.0,0,0,18720.37914691943
5451,2026-01-01,1,4,0,328,1,359,0.317,10890,0.0,1,10890.0,0,0,34353.31230283911
5510,2026-01-01,1,4,0,373,1,5,7.095,47900,0.0,1,47900.0,0,0,6751.23326286117
5512,2026-01-01,1,4,0,374,1,241,0.478,11600,0.0,1,11600.0,0,0,24267.782426778245
5524,2026-01-01,1,4,0,4,1,375,8.643,56900,0.0,1,56900.0,0,0,6583.362258475066
5552,2026-01-01,1,4,0,46,1,376,0.312,21990,0.0,1,21990.0,0,0,70480.76923076923
5580,2026-01-01,1,4,0,377,1,244,0.535,8880,0.0,1,8880.0,0,0,16598.130841121496
5584,2026-01-01,1,4,0,378,1,379,9.906,45980,0.0,1,45980.0,0,0,4641.63133454472
5597,2026-01-01,1,4,0,182,1,13,0.321,1200,0.0,1,1200.0,0,0,3738.3177570093458
5602,2026-01-01,1,4,0,2,1,139,0.988,4900,0.0,1,4900.0,0,0,4959.514170040486
5604,2026-01-01,1,4,0,380,1,51,1.677,29990,0.0,1,29990.0,0,0,17883.124627310674
5615,2026-01-01,1,4,0,356,1,381,0.633,15900,0.0,1,15900.0,0,0,25118.483412322275
5634,2026-01-01,1,4,0,382,1,304,0.828,32990,0.0,1,32990.0,0,0,39842.995169082125
5648,2026-01-01,1,4,0,334,1,124,0.788,8250,0.0,1,8250.0,0,0,10469.543147208122
5656,2026-01-01,1,4,0,286,1,90,0.468,10990,0.0,1,10990.0,0,0,23482.90598290598
5657,2026-01-01,1,4,260055,178,1,383,0.844,25990,9000.0,1,16990.0,260055,1,20130.331753554503
5658,2026-01-01,1,4,0,384,1,287,0.328,13990,0.0,1,13990.0,0,0,42652.439024390245
5680,2026-01-01,1,4,0,203,1,139,1.976,9800,0.0,1,9800.0,0,0,4959.514170040486
5696,2026-01-01,1,4,0,158,1,303,0.459,8690,0.0,1,8690.0,0,0,18932.46187363834
5704,2026-01-01,1,4,0,367,1,385,0.182,15600,0.0,1,15600.0,0,0,85714.28571428571
5710,2026-01-01,1,4,0,67,1,386,0.364,8090,0.0,1,8090.0,0,0,22225.274725274725
5714,2026-01-01,1,4,0,387,1,329,2.119,16590,0.0,1,16590.0,0,0,7829.164700330343
5728,2026-01-01,1,4,0,388,1,309,0.293,16900,0.0,1,16900.0,0,0,57679.180887372015
5757,2026-01-01,1,4,0,389,1,83,0.304,5600,0.0,1,5600.0,0,0,18421.052631578947
5796,2026-01-01,1,4,0,390,1,11,0.402,12150,0.0,1,12150.0,0,0,30223.880597014922
5813,2026-01-01,1,4,0,101,1,207,0.154,21990,0.0,1,21990.0,0,0,142792.2077922078
5824,2026-01-01,1,4,0,38,1,391,0.456,4350,0.0,1,4350.0,0,0,9539.473684210527
5867,2026-01-01,1,4,0,72,1,392,0.962,34650,0.0,1,34650.0,0,0,36018.71101871102
5880,2026-01-01,1,4,0,77,1,205,0.298,8600,0.0,1,8600.0,0,0,28859.060402684565
5912,2026-01-01,1,4,0,393,1,139,0.988,4900,0.0,1,4900.0,0,0,4959.514170040486
5922,2026-01-01,1,4,0,394,1,395,0.665,6200,0.0,1,6200.0,0,0,9323.30827067669
5953,2026-01-01,1,4,0,152,1,396,1.065,42990,0.0,1,42990.0,0,0,40366.19718309859
5960,2026-01-01,1,4,0,93,1,149,0.873,3890,0.0,1,3890.0,0,0,4455.89919816724
5964,2026-01-01,1,4,0,325,1,397,0.858,12300,0.0,1,12300.0,0,0,14335.664335664336
5978,2026-01-01,1,4,0,150,1,398,0.392,18990,0.0,1,18990.0,0,0,48443.87755102041
5984,2026-01-01,1,4,0,399,1,400,1.134,36350,0.0,1,36350.0,0,0,32054.67372134039
5986,2026-01-01,1,4,0,401,1,402,0.457,19200,0.0,1,19200.0,0,0,42013.129102844636
5991,2026-01-01,1,4,0,286,1,403,0.41,18100,0.0,1,18100.0,0,0,44146.34146341464
6018,2026-01-01,1,4,0,193,1,404,0.378,28700,0.0,1,28700.0,0,0,75925.92592592593
6019,2026-01-01,1,4,0,6,1,104,1.628,25990,0.0,1,25990.0,0,0,15964.373464373466
6032,2026-01-01,1,4,251106,291,1,198,0.152,4005,445.0,1,3560.0,251106,1,23421.052631578947
6038,2026-01-01,1,4,0,369,1,37,1.614,9750,0.0,1,9750.0,0,0,6040.892193308549
6049,2026-01-01,1,4,0,187,1,221,0.857,18360,0.0,1,18360.0,0,0,21423.570595099183
